{"ZV3X->kick": 4.318849296e-09, "ZV4X->kick": 2.324756542e-08, "ZV6X->kick": -2.984649203e-07, "ZH9X->kick": -8.613269891e-07, "ZH7X->kick": 7.993828939e-06, "ZH4X->kick": 2.81863366e-06, "ZH5X->kick": -6.651546441e-07, "ZV11X->kick": 2.997988412e-05, "ZH2X->kick": -1.7036418e-06, "ZH3X->kick": -8.101642922e-06, "ZH100RX->kick": 0.0, "ZH1X->kick": 4.187881531e-07, "ZV5X->kick": -3.109447752e-08, "ZH6X->kick": -1.306883074e-06, "key": -0.7665032339538685, "kay": 2.0, "ZV2X->kick": -4.202692282e-09, "kqd0ff": -2.856295633907758, "ZV1X->kick": 2.533104108e-09, "coup_ypx": 0.9603072168304992, "ZV7X->kick": 1.5983953e-06, "ZH8X->kick": -3.433424454e-05, "kqf1ff": 1.6617939470461773, "ZV8X->kick": -4.25093815e-06, "ZV9X->kick": 1.021847403e-05, "ZH1FF->kick": 0.0001828363489, "ZV1FF->kick": 5.764458965e-06, "ZV10X->kick": -2.365262809e-05}